product_name,product_url,price,currency,image_url,sold,page_type,location,shop_type,rating,discount
Dr. Scholl Medi Qtto  Outside Sheer Stockings Nature Nude ★Direct From Japan★,https://shopee.sg/Dr.-Scholl-Medi-Qtto-Outside-Sheer-Stockings-Nature-Nude-%E2%98%85Direct-From-Japan%E2%98%85-i.672907573.19445913336,27.25,SGD,https://down-sg.img.susercontent.com/file/500b9b194cd01a73e1de1dc4b86f2914,10,item,,,4.0,
"MegaHouse, Look Up Series, Demon Slayer: Kimetsu no Yaiba, Zenitsu Agatsuma [Reissue] , Figure",https://shopee.sg/MegaHouse-Look-Up-Series-Demon-Slayer-Kimetsu-no-Yaiba-Zenitsu-Agatsuma-Reissue-Figure-i.1253883447.42561285236?sp_atk=123decd7-74c5-410e-b397-988bcb42d882&xptdk=123decd7-74c5-410e-b397-988bcb42d882,58.32,SGD,https://down-sg.img.susercontent.com/file/sg-11134207-7rdy5-mcxfacxr9dfgdd.webp,3,category,Japan,,,
Ichiban Kuji Demon Slayer Upper Rank Three E Prize Chokonokko Figure Japan Anime Figure BANDAI,https://shopee.sg/Ichiban-Kuji-Demon-Slayer-Upper-Rank-Three-E-Prize-Chokonokko-Figure-Japan-Anime-Figure-BANDAI-i.882041290.41059218066?sp_atk=5cf5d0ae-1b9e-4db8-9ad5-bebd9e06420e&xptdk=5cf5d0ae-1b9e-4db8-9ad5-bebd9e06420e,36.72,SGD,https://down-sg.img.susercontent.com/file/sg-11134207-7rdxa-mcezw708vp6f80.webp,3,category,Japan,,,
Bandai S.H.Figuarts Demon Slayer Zenitsu Agatsuma Action Figure Japan Tanjiro Nezuko Giyu Shinobu,https://shopee.sg/Bandai-S.H.Figuarts-Demon-Slayer-Zenitsu-Agatsuma-Action-Figure-Japan-Tanjiro-Nezuko-Giyu-Shinobu-i.1020013072.43561972363?sp_atk=cc0a7fe7-183e-4ade-a11f-4497755623d7&xptdk=cc0a7fe7-183e-4ade-a11f-4497755623d7,125.35,SGD,https://down-sg.img.susercontent.com/file/sg-11134207-7rdxw-md761yf8qogeea.webp,2,category,Japan,,,
"【Direct From Japan】Bandai Ichiban kuji Demon slayer ""Butterfly House of Memories""Shinobu Kocho,Kanawo Tsuyuri,Kaede Kocho Figure",https://shopee.sg/%E3%80%90Direct-From-Japan%E3%80%91Bandai-Ichiban-kuji-Demon-slayer-Butterfly-House-of-Memories-Shinobu-Kocho-Kanawo-Tsuyuri-Kaede-Kocho-Figure-i.1366898683.24493321347?sp_atk=a14f5a2f-763f-4727-a37c-33f266938c4e&xptdk=a14f5a2f-763f-4727-a37c-33f266938c4e,94.92,SGD,https://down-sg.img.susercontent.com/file/sg-11134207-7rd4s-m7zf1pedgxp3e5.webp,2,category,Japan,,,
"MegaHouse, Look Up Series, Demon Slayer: Kimetsu no Yaiba, Tanjiro Kamado [Reissue] , Figure",https://shopee.sg/MegaHouse-Look-Up-Series-Demon-Slayer-Kimetsu-no-Yaiba-Tanjiro-Kamado-Reissue-Figure-i.1253883447.43811282873?sp_atk=ddf91075-79ed-4e42-86f8-c7168873893c&xptdk=ddf91075-79ed-4e42-86f8-c7168873893c,55.59,SGD,https://down-sg.img.susercontent.com/file/sg-11134207-7rdxf-mcxftoor447o4f.webp,2,category,Japan,,,
[Direct from Japan]TAMASHII NATIONS Figuarts ZERO Demon Slayer: Kimetsu no Yaiba Kamado Tanjiro -Hinokami Kagura- Approx. 210mm PVC/ABS painted finished figure,https://shopee.sg/-Direct-from-Japan-TAMASHII-NATIONS-Figuarts-ZERO-Demon-Slayer-Kimetsu-no-Yaiba-Kamado-Tanjiro-Hinokami-Kagura-Approx.-210mm-PVC-ABS-painted-finished-figure-i.1510491427.43409123670?sp_atk=c1d0aab1-18a3-4b16-994e-e2079b33f97c&xptdk=c1d0aab1-18a3-4b16-994e-e2079b33f97c,132.02,SGD,https://down-sg.img.susercontent.com/file/sg-11134201-7rdwy-mcdkrq8lmxo284.webp,1,category,Japan,,,
"SEGA Demon Slayer """"Luminasta"""" Shinobu Kocho Figure  20250718 [Direct from Japan]",https://shopee.sg/SEGA-Demon-Slayer-Luminasta-Shinobu-Kocho-Figure-20250718-Direct-from-Japan--i.951927041.42359285374?sp_atk=fa89bcea-2196-4962-aa1d-df87ff7c530f&xptdk=fa89bcea-2196-4962-aa1d-df87ff7c530f,62.91,SGD,https://down-sg.img.susercontent.com/file/sg-11134207-7rdwt-mcg02wbmc48hb4.webp,1,category,Japan,,,
"[Delivered from Japan] TAMASHII NATIONS S.H.Figuarts Demon Slayer: Kimetsu no Yaiba Akaza, approximately 145mm, PVC & ABS painted action figure",https://shopee.sg/-Delivered-from-Japan-TAMASHII-NATIONS-S.H.Figuarts-Demon-Slayer-Kimetsu-no-Yaiba-Akaza-approximately-145mm-PVC-ABS-painted-action-figure-i.1227355272.41413638357?sp_atk=68e9c2e8-0b31-4200-bbc3-b613a324a8b9&xptdk=68e9c2e8-0b31-4200-bbc3-b613a324a8b9,148.03,SGD,https://down-sg.img.susercontent.com/file/sg-11134201-7rdvl-mdi8sxyqi05m43.webp,1,category,Japan,,,
"【Direct from Japan】Bandai Spirits Figurearts Zero Demon Slayer Giyu Tomioka - Water Breathing - Approximately 170mm PVC/ABS Painted Finished Figure
Figurearts Zero Demon Slayer Nezuko Kamado Approximately 110mm PVC/ABS Painted Finished Figure
Figurearts Z",https://shopee.sg/%E3%80%90Direct-from-Japan%E3%80%91Bandai-Spirits-Figurearts-Zero-Demon-Slayer-Giyu-Tomioka-Water-Breathing-Approximately-170mm-PVC-ABS-Painted-Finished-Figure-Figurearts-Zero-Demon-Slayer-Nezuko-Kamado-Approximately-110mm-PVC-ABS-Painted-Finished-Figure-Figurearts-Z-i.1274766352.29913880485?sp_atk=acb079e7-5f69-4fb6-b6ee-d717c7ea0ed8&xptdk=acb079e7-5f69-4fb6-b6ee-d717c7ea0ed8,75.47,SGD,https://down-sg.img.susercontent.com/file/sg-11134201-7rdw2-m1a73q16ecxxf1.webp,1,category,Japan,,,
【 Direct From Japan 】Demon Slayer Tanjiro Kamado & Nezuko Kamado figure / BANDAI Kimetsu No Yaiba Qposket high quality anime gifts,https://shopee.sg/%E3%80%90-Direct-From-Japan-%E3%80%91Demon-Slayer-Tanjiro-Kamado-Nezuko-Kamado-figure-BANDAI-Kimetsu-No-Yaiba-Qposket-high-quality-anime-gifts-i.898557677.27207737597?sp_atk=4791acf9-0549-48da-aa44-8c4ce463fecc&xptdk=4791acf9-0549-48da-aa44-8c4ce463fecc,40.33,SGD,https://down-sg.img.susercontent.com/file/sg-11134207-7rdwv-lyvk0656vtaff1.webp,1,category,Japan,,,
"[Direct from Japan] Bandai Ichiban Kuji Demon Slayer: Kimetsu no Yaiba ""Immortal Bonds"" Kamado Tanjiro, Nezuko, Rengoku Kyojuro, Senjuro, Tokito Muichiro, Yuichiro Figures",https://shopee.sg/-Direct-from-Japan-Bandai-Ichiban-Kuji-Demon-Slayer-Kimetsu-no-Yaiba-Immortal-Bonds-Kamado-Tanjiro-Nezuko-Rengoku-Kyojuro-Senjuro-Tokito-Muichiro-Yuichiro-Figures-i.1366898683.26781899127?sp_atk=9225c441-289c-46d7-a1b8-eac0dc96a3e4&xptdk=9225c441-289c-46d7-a1b8-eac0dc96a3e4,94.92,SGD,https://down-sg.img.susercontent.com/file/sg-11134207-7rep7-m854ic1124yx9b.webp,1,category,Japan,,,
"【Direct From Japan】Furyu Demon Slayer Noodle stopper Figure Kyojuro Rengoku,Giyu Tomioka,Shinobu Kocho,Sanemi Shinazugawa,Gyomei Himejima,Tengen Uzui,Muichiro Tokito,Mitsuri Kanroji,Obanai Iguro Prize Authentic Anime Official Figure",https://shopee.sg/%E3%80%90Direct-From-Japan%E3%80%91Furyu-Demon-Slayer-Noodle-stopper-Figure-Kyojuro-Rengoku-Giyu-Tomioka-Shinobu-Kocho-Sanemi-Shinazugawa-Gyomei-Himejima-Tengen-Uzui-Muichiro-Tokito-Mitsuri-Kanroji-Obanai-Iguro-Prize-Authentic-Anime-Official-Figure-i.1049647839.26709014195?sp_atk=d06869ec-2b69-4000-9de2-985dac86553f&xptdk=d06869ec-2b69-4000-9de2-985dac86553f,52.32,SGD,https://down-sg.img.susercontent.com/file/sg-11134207-7rdw2-lzbt54r05wvr45.webp,1,category,Japan,,,
"【Direct From Japan】Bandai Ichiban kuji Demon slayer LAYER SCAPE""Fanaticism""Tanjiro Kamado,Nezuko,Giyu Tomioka Figure",https://shopee.sg/%E3%80%90Direct-From-Japan%E3%80%91Bandai-Ichiban-kuji-Demon-slayer-LAYER-SCAPE-Fanaticism-Tanjiro-Kamado-Nezuko-Giyu-Tomioka-Figure-i.1366898683.25743820465?sp_atk=9e0e6657-6351-4f9c-949f-5e0a278f0149&xptdk=9e0e6657-6351-4f9c-949f-5e0a278f0149,89.87,SGD,https://down-sg.img.susercontent.com/file/sg-11134207-7req7-m8dng01ifidc7d.webp,1,category,Japan,,,
BANDAI Demon Slayer Giyuu Tomioka LAYER SCAPE Figure Ichiban kuji C Prize（Direct from Japan）,https://shopee.sg/BANDAI-Demon-Slayer-Giyuu-Tomioka-LAYER-SCAPE-Figure-Ichiban-kuji-C-Prize%EF%BC%88Direct-from-Japan%EF%BC%89-i.822127024.20882556869?sp_atk=29b3c58f-ee4d-40a3-bede-2f8a07041f67&xptdk=29b3c58f-ee4d-40a3-bede-2f8a07041f67,104.86,SGD,https://down-sg.img.susercontent.com/file/sg-11134207-7qve9-ljzvtrotkbge8b.webp,1,category,Japan,,,
"TAMASHII NATIONS Figuarts mini Demon Slayer: Kimetsu no Yaiba Yushiro, approximately 90mm, PVC & ABS painted action figure",https://shopee.sg/TAMASHII-NATIONS-Figuarts-mini-Demon-Slayer-Kimetsu-no-Yaiba-Yushiro-approximately-90mm-PVC-ABS-painted-action-figure-i.1572485073.44468782478?sp_atk=509aa54d-ef57-4b14-8fc8-1db33e9a5c8f&xptdk=509aa54d-ef57-4b14-8fc8-1db33e9a5c8f,47.96,SGD,https://down-sg.img.susercontent.com/file/sg-11134207-824hl-mel17zqo4p35f2.webp,0,category,Japan,,,
S.H.Figuarts Demon Slayer: Kimetsu no Yaiba Giyu Tomioka Approx. 150mm PVC & ABS painted movable fi,https://shopee.sg/S.H.Figuarts-Demon-Slayer-Kimetsu-no-Yaiba-Giyu-Tomioka-Approx.-150mm-PVC-ABS-painted-movable-fi-i.1114295948.44451115482?sp_atk=f7fa0680-30ac-4bc5-af3e-38904361fbf9&xptdk=f7fa0680-30ac-4bc5-af3e-38904361fbf9,36.96,SGD,https://down-sg.img.susercontent.com/file/sg-11134201-7rfi7-m9txydyh7bx243.webp,0,category,Japan,,,
"【Direct from Japan】TAMASHII NATIONS Figuarts mini Demon Slayer: Kimetsu no Yaiba - Sanemi Shinazugawa, approximately 90mm, pre-painted PVC/ABS action figure, 197422",https://shopee.sg/%E3%80%90Direct-from-Japan%E3%80%91TAMASHII-NATIONS-Figuarts-mini-Demon-Slayer-Kimetsu-no-Yaiba-Sanemi-Shinazugawa-approximately-90mm-pre-painted-PVC-ABS-action-figure-197422-i.1187996203.44417785549?sp_atk=63c13359-7143-4837-8651-0154b9714a27&xptdk=63c13359-7143-4837-8651-0154b9714a27,35.97,SGD,https://down-sg.img.susercontent.com/file/sg-11134201-824h6-mee1m5x4x3ib55.webp,0,category,Japan,,,
Demon Slayer: Kimetsu no Yaiba Combination Battle Rui,https://shopee.sg/Demon-Slayer-Kimetsu-no-Yaiba-Combination-Battle-Rui-i.1572485073.44318621313?sp_atk=fbd97bb0-5263-454e-8edf-fe4690832224&xptdk=fbd97bb0-5263-454e-8edf-fe4690832224,45.78,SGD,https://down-sg.img.susercontent.com/file/sg-11134207-824hs-mejg9tea562r9a.webp,0,category,Japan,,,
TAMASHII NATIONS Figurearts ZERO Demon Slayer: Kimetsu no Yaiba Kamado Tanjirou Rengoku Tsuba ver. Approx. 195mm PVC & ABS & PC Painted Complete Figure【Direct from Japan】,https://shopee.sg/TAMASHII-NATIONS-Figurearts-ZERO-Demon-Slayer-Kimetsu-no-Yaiba-Kamado-Tanjirou-Rengoku-Tsuba-ver.-Approx.-195mm-PVC-ABS-PC-Painted-Complete-Figure%E3%80%90Direct-from-Japan%E3%80%91-i.1447621698.44314759882?sp_atk=cd23a1db-5b5b-4d23-9286-c8876dc9240b&xptdk=cd23a1db-5b5b-4d23-9286-c8876dc9240b,140.95,SGD,https://down-sg.img.susercontent.com/file/sg-11134201-7rdwf-mdr3mugjpxx871.webp,0,category,Japan,,,
Funko Pop! Kamado Tanjiro in Traditional Kimono – Demon Slayer Series,https://shopee.sg/Funko-Pop!-Kamado-Tanjiro-in-Traditional-Kimono-%E2%80%93-Demon-Slayer-Series-i.1499750476.44306319573?sp_atk=c17b00da-fc0e-45ae-8b10-b2704e530da6&xptdk=c17b00da-fc0e-45ae-8b10-b2704e530da6,125.99,SGD,https://down-sg.img.susercontent.com/file/sg-11134207-7rdwz-mc5ttpdjz0ebe0.webp,0,category,Japan,,,
Demon Slayer: Kimetsu no Yaiba Chokonse Figure Kamado Nezuko 【Direct from Japan/figure/Demon Slayer/Kimetsu no Yaiba/TANJIRO/ZENITSU/NEZUKO/RENGOKU/MUZAN/AKAZA//UZUI/TOKITOU/SHINOBU/TOMIOKA/KANROJI/HIMEJIMA/SHINAZUGAWA/INOSUKE,https://shopee.sg/Demon-Slayer-Kimetsu-no-Yaiba-Chokonse-Figure-Kamado-Nezuko-%E3%80%90Direct-from-Japan-figure-Demon-Slayer-Kimetsu-no-Yaiba-TANJIRO-ZENITSU-NEZUKO-RENGOKU-MUZAN-AKAZA-UZUI-TOKITOU-SHINOBU-TOMIOKA-KANROJI-HIMEJIMA-SHINAZUGAWA-INOSUKE-i.1315999987.44267412044?sp_atk=13a1adfa-b55e-4dc3-a790-3746fe67a4e1&xptdk=13a1adfa-b55e-4dc3-a790-3746fe67a4e1,43.75,SGD,https://down-sg.img.susercontent.com/file/sg-11134201-824iz-me83kmq9ljpf6e.webp,0,category,Japan,,,
"Anime ""Demon Slayer: Kimetsu no Yaiba"" VIBRATION STARS Hashibira Inosuke",https://shopee.sg/Anime-Demon-Slayer-Kimetsu-no-Yaiba-VIBRATION-STARS-Hashibira-Inosuke-i.1572485073.44265234137?sp_atk=14594a0c-ce35-4c69-a523-2abe77ea0875&xptdk=14594a0c-ce35-4c69-a523-2abe77ea0875,49.05,SGD,https://down-sg.img.susercontent.com/file/sg-11134207-824in-mdwnc6mh88w6d4.webp,0,category,Japan,,,
Demon Slayer: Kimetsu no Yaiba Bonds Form 16th Form Gyomei Himejima Figure,https://shopee.sg/Demon-Slayer-Kimetsu-no-Yaiba-Bonds-Form-16th-Form-Gyomei-Himejima-Figure-i.1572485073.44265232472?sp_atk=7f979f01-c192-43b3-8bfa-ad59b022c134&xptdk=7f979f01-c192-43b3-8bfa-ad59b022c134,56.68,SGD,https://down-sg.img.susercontent.com/file/sg-11134207-824ha-mdwm10eg581va5.webp,0,category,Japan,,,
【Direct from Japan】TAMASHII NATIONS Figuarts mini Demon Slayer: Kimetsu no Yaiba Iguro Obanai Approximately 90mm PVC/ABS Painted Action Figure 197427,https://shopee.sg/%E3%80%90Direct-from-Japan%E3%80%91TAMASHII-NATIONS-Figuarts-mini-Demon-Slayer-Kimetsu-no-Yaiba-Iguro-Obanai-Approximately-90mm-PVC-ABS-Painted-Action-Figure-197427-i.1505549973.44257103345?sp_atk=497b124b-b33d-4186-a6a4-e5d7e89dba7c&xptdk=497b124b-b33d-4186-a6a4-e5d7e89dba7c,109.25,SGD,https://down-sg.img.susercontent.com/file/sg-11134201-7rdxt-mbq0rt0kqhq1e5.webp,0,category,Japan,,,
BANPRESTO Demon Slayer Kimetsu no Yaiba Genya Shinazugawa VIBRATION STARS Figure Direct from Japan,https://shopee.sg/BANPRESTO-Demon-Slayer-Kimetsu-no-Yaiba-Genya-Shinazugawa-VIBRATION-STARS-Figure-Direct-from-Japan-i.1477478268.44218068412?sp_atk=6d012af0-2dd4-4599-9c19-863967d30234&xptdk=6d012af0-2dd4-4599-9c19-863967d30234,38.15,SGD,https://down-sg.img.susercontent.com/file/sg-11134207-824h2-mef8xfnrcs1u7f.webp,0,category,Japan,,,
Demon Slayer: Kimetsu no Yaiba Kamado Nezuko Approx. 90mm 【Direct from Japan/figure/Demon Slayer/Kimetsu no Yaiba/TANJIRO/ZENITSU/NEZUKO/RENGOKU/MUZAN/AKAZA//UZUI/TOKITOU/SHINOBU/TOMIOKA/KANROJI/HIMEJIMA/SHINAZUGAWA/INOSUKE,https://shopee.sg/Demon-Slayer-Kimetsu-no-Yaiba-Kamado-Nezuko-Approx.-90mm-%E3%80%90Direct-from-Japan-figure-Demon-Slayer-Kimetsu-no-Yaiba-TANJIRO-ZENITSU-NEZUKO-RENGOKU-MUZAN-AKAZA-UZUI-TOKITOU-SHINOBU-TOMIOKA-KANROJI-HIMEJIMA-SHINAZUGAWA-INOSUKE-i.1315999987.44167413165?sp_atk=4396572a-9b22-4cb8-a81f-c8da3ebdee83&xptdk=4396572a-9b22-4cb8-a81f-c8da3ebdee83,52.54,SGD,https://down-sg.img.susercontent.com/file/sg-11134201-824i3-me84oyg06jgi42.webp,0,category,Japan,,,
Demon Slayer: Kimetsu no Yaiba Combination Battle Kamado Tanjiro 【Direct from Japan/figure/Demon Slayer/Kimetsu no Yaiba/TANJIRO/ZENITSU/NEZUKO/RENGOKU/MUZAN/AKAZA//UZUI/TOKITOU/SHINOBU/TOMIOKA/KANROJI/HIMEJIMA/SHINAZUGAWA/INOSUKE,https://shopee.sg/Demon-Slayer-Kimetsu-no-Yaiba-Combination-Battle-Kamado-Tanjiro-%E3%80%90Direct-from-Japan-figure-Demon-Slayer-Kimetsu-no-Yaiba-TANJIRO-ZENITSU-NEZUKO-RENGOKU-MUZAN-AKAZA-UZUI-TOKITOU-SHINOBU-TOMIOKA-KANROJI-HIMEJIMA-SHINAZUGAWA-INOSUKE-i.1315999987.44167064432?sp_atk=a23b63fe-5193-4795-ae59-58ff22044aa5&xptdk=a23b63fe-5193-4795-ae59-58ff22044aa5,58.4,SGD,https://down-sg.img.susercontent.com/file/sg-11134201-824i9-me5c9cmqvq4g47.webp,0,category,Japan,,,
TAMASHII NATIONS Figuarts mini Demon Slayer Akaza Approximately 90mm PVC/ABS Pre-painted Movable Figure【Direct from Japan】,https://shopee.sg/TAMASHII-NATIONS-Figuarts-mini-Demon-Slayer-Akaza-Approximately-90mm-PVC-ABS-Pre-painted-Movable-Figure%E3%80%90Direct-from-Japan%E3%80%91-i.1447621698.44164767045?sp_atk=0c90c1f6-29af-49c1-ae26-98d112ca815a&xptdk=0c90c1f6-29af-49c1-ae26-98d112ca815a,58.54,SGD,https://down-sg.img.susercontent.com/file/sg-11134201-7rdyu-mdr3h18rx5567d.webp,0,category,Japan,,,
[Used] [FIG] Tanjiro Kamado (Kamado Tanjiro) Demon Slayer: Kimetsu no Yaiba Grandista-KAMADO TANJIRO-SPECIAL COLOR ver. Figure Prize (2754422) Banpresto (20250703)✨Only one available!-Direct from Japan✨,https://shopee.sg/-Used-FIG-Tanjiro-Kamado-(Kamado-Tanjiro)-Demon-Slayer-Kimetsu-no-Yaiba-Grandista-KAMADO-TANJIRO-SPECIAL-COLOR-ver.-Figure-Prize-(2754422)-Banpresto-(20250703)%E2%9C%A8Only-one-available!-Direct-from-Japan%E2%9C%A8-i.955746159.44161623976?sp_atk=f1b63f97-790c-4568-acc7-804980f3dc61&xptdk=f1b63f97-790c-4568-acc7-804980f3dc61,57.11,SGD,https://down-sg.img.susercontent.com/file/sg-11134201-7rdxk-md1vizoyamgwcf.webp,0,category,Japan,,,
Demon Slayer Kimetsu No Yaiba Figure Tengen Uzui MAXIMATIC Anime Japan Banpresto  2751102,https://shopee.sg/Demon-Slayer-Kimetsu-No-Yaiba-Figure-Tengen-Uzui-MAXIMATIC-Anime-Japan-Banpresto-2751102-i.1151369338.44151965986?sp_atk=c59706cf-16c6-462a-a957-116578a2f2a8&xptdk=c59706cf-16c6-462a-a957-116578a2f2a8,29.42,SGD,https://down-sg.img.susercontent.com/file/sg-11134201-7rdxa-mc692qh26n2137.webp,0,category,Japan,,,
Furyu Demon Slayer Noodle Stopper Figure Douma Round One Limited Mugen Castle Direct From Japan,https://shopee.sg/Furyu-Demon-Slayer-Noodle-Stopper-Figure-Douma-Round-One-Limited-Mugen-Castle-Direct-From-Japan-i.1586483899.44116518446?sp_atk=c01837e6-6d0d-4faa-b50e-d65b693b9f08&xptdk=c01837e6-6d0d-4faa-b50e-d65b693b9f08,59.95,SGD,https://down-sg.img.susercontent.com/file/sg-11134207-824gk-me2y2njin9xf73.webp,0,category,Japan,,,
Sega Sega Demon Slayer Premium Choconose Figure Kamado Nezuko,https://shopee.sg/Sega-Sega-Demon-Slayer-Premium-Choconose-Figure-Kamado-Nezuko-i.1572485073.44065481826?sp_atk=feed4ba5-8d77-453f-87a7-cd31a2131d71&xptdk=feed4ba5-8d77-453f-87a7-cd31a2131d71,38.15,SGD,https://down-sg.img.susercontent.com/file/sg-11134207-824gr-mdygjixuwikn1a.webp,0,category,Japan,,,
TAMASHII NATIONS Figurarts ZERO Demon Slayer: Kimetsu no Yaiba Tanjiro Kamado 210mm PVC・ABS,https://shopee.sg/TAMASHII-NATIONS-Figurarts-ZERO-Demon-Slayer-Kimetsu-no-Yaiba-Tanjiro-Kamado-210mm-PVC%E3%83%BBABS-i.1479108245.44064527751?sp_atk=ebf3c991-cb25-4e2d-9eeb-9279a5d9abe4&xptdk=ebf3c991-cb25-4e2d-9eeb-9279a5d9abe4,142.13,SGD,https://down-sg.img.susercontent.com/file/sg-11134201-7rdy3-mdq4bignpv38bb.webp,0,category,Japan,,,
Demon Slayer Kimetsu No Yaiba Premium Choco-no-se Figure SEGA Kanao Tsuyuri,https://shopee.sg/Demon-Slayer-Kimetsu-No-Yaiba-Premium-Choco-no-se-Figure-SEGA-Kanao-Tsuyuri-i.1151369338.44008454763?sp_atk=4bbe2309-e802-46f7-916f-0940b67f5e4b&xptdk=4bbe2309-e802-46f7-916f-0940b67f5e4b,26.15,SGD,https://down-sg.img.susercontent.com/file/sg-11134201-7rdvn-mc69grxqgno8a6.webp,0,category,Japan,,,
BANPRESTO Demon Slayer Kimetsu no Yaiba Tengen Uzui Figure Direct from Japan,https://shopee.sg/BANPRESTO-Demon-Slayer-Kimetsu-no-Yaiba-Tengen-Uzui-Figure-Direct-from-Japan-i.1477478268.43967994857?sp_atk=3055cfa9-764c-49a6-8775-d45b80533408&xptdk=3055cfa9-764c-49a6-8775-d45b80533408,35.97,SGD,https://down-sg.img.susercontent.com/file/sg-11134207-824g6-mef8rw8lnridf6.webp,0,category,Japan,,,
【Direct From Japan】TAMASHII NATIONS Figure Arts ZERO Demon Slayer Kamado Nezuko Approximately 110mm PVC/ABS Painted Finished Figure,https://shopee.sg/%E3%80%90Direct-From-Japan%E3%80%91TAMASHII-NATIONS-Figure-Arts-ZERO-Demon-Slayer-Kamado-Nezuko-Approximately-110mm-PVC-ABS-Painted-Finished-Figure-i.1464510821.43967908943?sp_atk=28055cb9-f75d-4a13-ac5d-724c6d73b20c&xptdk=28055cb9-f75d-4a13-ac5d-724c6d73b20c,167.23,SGD,https://down-sg.img.susercontent.com/file/sg-11134201-824go-mecr2amujjlw80.webp,0,category,Japan,,,
Good Smile Company POP UP PARADE Demon Slayer: Kimetsu no Yaiba Zenitsu Agatsuma Non-Scale Painted Figure,https://shopee.sg/Good-Smile-Company-POP-UP-PARADE-Demon-Slayer-Kimetsu-no-Yaiba-Zenitsu-Agatsuma-Non-Scale-Painted-Figure-i.1526952093.43960989186?sp_atk=5e9dcd06-92d3-47fe-bd2f-d2100baa54b6&xptdk=5e9dcd06-92d3-47fe-bd2f-d2100baa54b6,94.87,SGD,https://down-sg.img.susercontent.com/file/sg-11134201-7rdvr-mcu9r4ymu1q8d0.webp,0,category,Japan,,,
【Direct from Japan】TAMASHII NATIONS Figuarts mini Demon Slayer: Kimetsu no Yaiba Nezuko Kamado Approximately 90mm PVC & ABS Painted Action Figure,https://shopee.sg/%E3%80%90Direct-from-Japan%E3%80%91TAMASHII-NATIONS-Figuarts-mini-Demon-Slayer-Kimetsu-no-Yaiba-Nezuko-Kamado-Approximately-90mm-PVC-ABS-Painted-Action-Figure-i.1505549973.43957103345?sp_atk=d4cc5eed-5a23-49e0-8642-689dce09c5a2&xptdk=d4cc5eed-5a23-49e0-8642-689dce09c5a2,107.1,SGD,https://down-sg.img.susercontent.com/file/sg-11134201-7rdxq-mbq0r6uv7awlaf.webp,0,category,Japan,,,
*Direct from JAPAN* Nendoroid Doll Demon Slayer: Kimetsu no Yaiba Zenitsu Agatsuma Non-scale Plastic Painted Movable Figure G12670 [100% Authentic],https://shopee.sg/*Direct-from-JAPAN*-Nendoroid-Doll-Demon-Slayer-Kimetsu-no-Yaiba-Zenitsu-Agatsuma-Non-scale-Plastic-Painted-Movable-Figure-G12670-100-Authentic--i.1459281986.43955390951?sp_atk=209d5ee1-9b40-449b-b632-3e7816c5c548&xptdk=209d5ee1-9b40-449b-b632-3e7816c5c548,143.86,SGD,https://down-sg.img.susercontent.com/file/sg-11134201-7ra0w-mb97yo2baz4y12.webp,0,category,Japan,,,
"BANPRESTO Demon Slayer Kimetsu no Yaiba Qposket Sepia Color Figure Direct from Japan This is the price for a set of 2. First come, first served.",https://shopee.sg/BANPRESTO-Demon-Slayer-Kimetsu-no-Yaiba-Qposket-Sepia-Color-Figure-Direct-from-Japan-This-is-the-price-for-a-set-of-2.-First-come-first-served.-i.1477478268.43918158895?sp_atk=20161355-7a0a-4956-9165-154662a72033&xptdk=20161355-7a0a-4956-9165-154662a72033,43.6,SGD,https://down-sg.img.susercontent.com/file/sg-11134207-824i9-mefb2mioomiud8.webp,0,category,Japan,,,
"[Direct from Japan]Demon Slayer: Kimetsu no Yaiba EX Daki Figure Approximately 16cm, 1 type",https://shopee.sg/-Direct-from-Japan-Demon-Slayer-Kimetsu-no-Yaiba-EX-Daki-Figure-Approximately-16cm-1-type-i.1555986422.43917465054?sp_atk=c1f1c154-3572-46bc-8173-e84786c33067&xptdk=c1f1c154-3572-46bc-8173-e84786c33067,52.68,SGD,https://down-sg.img.susercontent.com/file/sg-11134201-824g4-me8fhze5dbep31.webp,0,category,Japan,,,
Ichiban Kuji Demon Slayer Upper Rank Three Tanjiro Giyu Tomioka Akaza Figure Japan Kokushibo Doma,https://shopee.sg/Ichiban-Kuji-Demon-Slayer-Upper-Rank-Three-Tanjiro-Giyu-Tomioka-Akaza-Figure-Japan-Kokushibo-Doma-i.1020013072.43908966397?sp_atk=fc06160e-d77b-470b-a6f0-7f3dbb4a76bd&xptdk=fc06160e-d77b-470b-a6f0-7f3dbb4a76bd,121.32,SGD,https://down-sg.img.susercontent.com/file/sg-11134207-7rdwq-mchh1e079503b3.webp,0,category,Japan,,,
【Direct from Japan】TAMASHII NATIONS Figure Arts ZERO Demon Slayer Akaza Upper Moon Three Approximately 180mm PVC/ABS Painted Complete Figure,https://shopee.sg/%E3%80%90Direct-from-Japan%E3%80%91TAMASHII-NATIONS-Figure-Arts-ZERO-Demon-Slayer-Akaza-Upper-Moon-Three-Approximately-180mm-PVC-ABS-Painted-Complete-Figure-i.1505549973.43907094562?sp_atk=b482aa2f-a16d-47ef-89ee-09af021b4297&xptdk=b482aa2f-a16d-47ef-89ee-09af021b4297,253.66,SGD,https://down-sg.img.susercontent.com/file/sg-11134201-7rdxu-mbq1eg1m1hli38.webp,0,category,Japan,,,
Demon Slayer Nezuko Ichiban Kuji E Prize Reprint - Direct from Japan,https://shopee.sg/Demon-Slayer-Nezuko-Ichiban-Kuji-E-Prize-Reprint-Direct-from-Japan-i.1534934043.43905757103?sp_atk=f26eb780-15cb-43c1-998c-894dfd433cf5&xptdk=f26eb780-15cb-43c1-998c-894dfd433cf5,48.51,SGD,https://down-sg.img.susercontent.com/file/sg-11134207-7ra0r-mbd94t3rpqj442.webp,0,category,Japan,,,
Demon Slayer: Kimetsu no Yaiba Kamado Tanjiro Banpresto 【Direct from Japan/figure/Demon Slayer/Kimetsu no Yaiba/TANJIRO/ZENITSU/NEZUKO/RENGOKU/MUZAN/AKAZA//UZUI/TOKITOU/SHINOBU/TOMIOKA/KANROJI/HIMEJIMA/SHINAZUGAWA/INOSUKE,https://shopee.sg/Demon-Slayer-Kimetsu-no-Yaiba-Kamado-Tanjiro-Banpresto-%E3%80%90Direct-from-Japan-figure-Demon-Slayer-Kimetsu-no-Yaiba-TANJIRO-ZENITSU-NEZUKO-RENGOKU-MUZAN-AKAZA-UZUI-TOKITOU-SHINOBU-TOMIOKA-KANROJI-HIMEJIMA-SHINAZUGAWA-INOSUKE-i.1315999987.43867378676?sp_atk=6cc199ce-b0f2-4732-93b8-e5044d85dcfa&xptdk=6cc199ce-b0f2-4732-93b8-e5044d85dcfa,46.76,SGD,https://down-sg.img.susercontent.com/file/sg-11134201-824j0-me7zowmyg8ao53.webp,0,category,Japan,,,
Banpresto Demon Slayer Figure Oni no Sou Shi no Kata Akaza【Direct from Japan】,https://shopee.sg/Banpresto-Demon-Slayer-Figure-Oni-no-Sou-Shi-no-Kata-Akaza%E3%80%90Direct-from-Japan%E3%80%91-i.1447621698.43865391396?sp_atk=3da664bb-467b-4843-8e97-e59be9fa5d83&xptdk=3da664bb-467b-4843-8e97-e59be9fa5d83,65.54,SGD,https://down-sg.img.susercontent.com/file/sg-11134201-824i2-mdxtj29qjpxda8.webp,0,category,Japan,,,
Banpresto Demon Slayer: Kimetsu no Yaiba VIBRATION STARS Kyojuro Rengoku,https://shopee.sg/Banpresto-Demon-Slayer-Kimetsu-no-Yaiba-VIBRATION-STARS-Kyojuro-Rengoku-i.1572485073.43818679319?sp_atk=bdc65891-a978-4efe-9b8b-080b63cc97ad&xptdk=bdc65891-a978-4efe-9b8b-080b63cc97ad,53.41,SGD,https://down-sg.img.susercontent.com/file/sg-11134207-824gv-mejwa8q7fdaca2.webp,0,category,Japan,,,
Demon Slayer: Kimetsu Agatsuma Zenitsu 【Direct from Japan/figure/Demon Slayer/Kimetsu no Yaiba/TANJIRO/ZENITSU/NEZUKO/RENGOKU/MUZAN/AKAZA//UZUI/TOKITOU/SHINOBU/TOMIOKA/KANROJI/HIMEJIMA/SHINAZUGAWA/INOSUKE,https://shopee.sg/Demon-Slayer-Kimetsu-Agatsuma-Zenitsu-%E3%80%90Direct-from-Japan-figure-Demon-Slayer-Kimetsu-no-Yaiba-TANJIRO-ZENITSU-NEZUKO-RENGOKU-MUZAN-AKAZA-UZUI-TOKITOU-SHINOBU-TOMIOKA-KANROJI-HIMEJIMA-SHINAZUGAWA-INOSUKE-i.1315999987.43817535906?sp_atk=0904686b-7117-4c67-baf8-1fb9b72c7a59&xptdk=0904686b-7117-4c67-baf8-1fb9b72c7a59,43.52,SGD,https://down-sg.img.susercontent.com/file/sg-11134201-824gx-me9dqymnywhw28.webp,0,category,Japan,,,
"TAMASHII NATIONS S.H.Figuarts Demon Slayer  Kimetsu no Yaiba Zenitsu Agatsuma, approximately 140mm, PVC & ABS painted action figure",https://shopee.sg/TAMASHII-NATIONS-S.H.Figuarts-Demon-Slayer-Kimetsu-no-Yaiba-Zenitsu-Agatsuma-approximately-140mm-PVC-ABS-painted-action-figure-i.899646517.43811985398?sp_atk=9e848f02-7628-460c-8506-cb23bf61c155&xptdk=9e848f02-7628-460c-8506-cb23bf61c155,145.33,SGD,https://down-sg.img.susercontent.com/file/sg-11134201-7rdw1-md5u19ocwoxsb9.webp,0,category,Japan,,,
"SEGA Demon Slayer """"XrossLink Figure”” Giyu Tomioka / Sabito Figure 20250620 [Direct from Japan]",https://shopee.sg/SEGA-Demon-Slayer-XrossLink-Figure%E2%80%9D%E2%80%9D-Giyu-Tomioka-Sabito-Figure-20250620-Direct-from-Japan--i.951927041.43805532068?sp_atk=4c497402-fbb6-430b-8316-dfaab7a2f14f&xptdk=4c497402-fbb6-430b-8316-dfaab7a2f14f,132.98,SGD,https://down-sg.img.susercontent.com/file/sg-11134207-7ra0h-mbbsagayvya925.webp,0,category,Japan,,,
"TAMASHII NATIONS Figuarts mini Demon Slayer: Kimetsu no Yaiba Tengen Uzui, approximately 100mm, pre-painted PVC/ABS action figure, BAS60829",https://shopee.sg/TAMASHII-NATIONS-Figuarts-mini-Demon-Slayer-Kimetsu-no-Yaiba-Tengen-Uzui-approximately-100mm-pre-painted-PVC-ABS-action-figure-BAS60829-i.1572485073.43768785008?sp_atk=53389e45-430e-47e6-8cbe-05f84379c610&xptdk=53389e45-430e-47e6-8cbe-05f84379c610,49.05,SGD,https://down-sg.img.susercontent.com/file/sg-11134207-824jb-mekypicokumeec.webp,0,category,Japan,,,
"TAMASHII NATIONS Figuarts mini Demon Slayer: Kimetsu no Yaiba Akaza, approximately 90mm, PVC/ABS painted action figure",https://shopee.sg/TAMASHII-NATIONS-Figuarts-mini-Demon-Slayer-Kimetsu-no-Yaiba-Akaza-approximately-90mm-PVC-ABS-painted-action-figure-i.1572485073.43768692645?sp_atk=56aa8179-386e-4f30-940b-321cee2ae217&xptdk=56aa8179-386e-4f30-940b-321cee2ae217,65.4,SGD,https://down-sg.img.susercontent.com/file/sg-11134207-824j5-mejx3cuffa4ica.webp,0,category,Japan,,,
Demon Slayer: Kimetsu no Yaiba Kamado Nezuko x Rika-chan 【Direct from Japan/figure/Demon Slayer/Kimetsu no Yaiba/TANJIRO/ZENITSU/NEZUKO/RENGOKU/MUZAN/AKAZA//UZUI/TOKITOU/SHINOBU/TOMIOKA/KANROJI/HIMEJIMA/SHINAZUGAWA/INOSUKE,https://shopee.sg/Demon-Slayer-Kimetsu-no-Yaiba-Kamado-Nezuko-x-Rika-chan-%E3%80%90Direct-from-Japan-figure-Demon-Slayer-Kimetsu-no-Yaiba-TANJIRO-ZENITSU-NEZUKO-RENGOKU-MUZAN-AKAZA-UZUI-TOKITOU-SHINOBU-TOMIOKA-KANROJI-HIMEJIMA-SHINAZUGAWA-INOSUKE-i.1315999987.43767414407?sp_atk=fe69d9ac-df50-4ffd-b368-0aeffdcbc0be&xptdk=fe69d9ac-df50-4ffd-b368-0aeffdcbc0be,230.91,SGD,https://down-sg.img.susercontent.com/file/sg-11134201-824ji-me865fdiwjcwcb.webp,0,category,Japan,,,
"Banpresto Demon Slayer: Kimetsu no Yaiba Figure, Bonds of Forty-Three Form, Kyojuro Rengoku",https://shopee.sg/Banpresto-Demon-Slayer-Kimetsu-no-Yaiba-Figure-Bonds-of-Forty-Three-Form-Kyojuro-Rengoku-i.1572485073.43765115955?sp_atk=5eab1bcf-e370-484e-bb02-abde576d320d&xptdk=5eab1bcf-e370-484e-bb02-abde576d320d,59.95,SGD,https://down-sg.img.susercontent.com/file/sg-11134207-7repx-mdveof43c5c678.webp,0,category,Japan,,,
Demon Slayer: Yaiba Urushi no Shape Kamado Tanjiro 【Direct from Japan/figure/Demon Slayer/Kimetsu no Yaiba/TANJIRO/ZENITSU/NEZUKO/RENGOKU/MUZAN/AKAZA//UZUI/TOKITOU/SHINOBU/TOMIOKA/KANROJI/HIMEJIMA/SHINAZUGAWA/INOSUKE,https://shopee.sg/Demon-Slayer-Yaiba-Urushi-no-Shape-Kamado-Tanjiro-%E3%80%90Direct-from-Japan-figure-Demon-Slayer-Kimetsu-no-Yaiba-TANJIRO-ZENITSU-NEZUKO-RENGOKU-MUZAN-AKAZA-UZUI-TOKITOU-SHINOBU-TOMIOKA-KANROJI-HIMEJIMA-SHINAZUGAWA-INOSUKE-i.1315999987.43717073351?sp_atk=36028a95-7507-4d00-9aa4-4f20edf0b70d&xptdk=36028a95-7507-4d00-9aa4-4f20edf0b70d,41.34,SGD,https://down-sg.img.susercontent.com/file/sg-11134201-824if-me5b6koj9q83bd.webp,0,category,Japan,,,
"【Direct From Japan】BANPRESTO "" Demon slayer"" TOMIOKA GIYU Grandista Prize Authentic Anime Official Figure 24cm",https://shopee.sg/%E3%80%90Direct-From-Japan%E3%80%91BANPRESTO-Demon-slayer-TOMIOKA-GIYU-Grandista-Prize-Authentic-Anime-Official-Figure-24cm-i.1049647839.43714762385?sp_atk=b7e8991c-6f86-4f3b-854d-5978302e0d25&xptdk=b7e8991c-6f86-4f3b-854d-5978302e0d25,61.04,SGD,https://down-sg.img.susercontent.com/file/sg-11134207-7rdwc-mdr2l57bwd046e.webp,0,category,Japan,,,
TAMASHII NATIONS Figuarts mini Demon Slayer: Kimetsu no Yaiba Yuushirou Approximately 90mm PVC & ABS Painted Movable Figure【Direct from Japan】,https://shopee.sg/TAMASHII-NATIONS-Figuarts-mini-Demon-Slayer-Kimetsu-no-Yaiba-Yuushirou-Approximately-90mm-PVC-ABS-Painted-Movable-Figure%E3%80%90Direct-from-Japan%E3%80%91-i.1447621698.43714759513?sp_atk=a061e288-c6cb-46b3-8095-33df606672b4&xptdk=a061e288-c6cb-46b3-8095-33df606672b4,58.06,SGD,https://down-sg.img.susercontent.com/file/sg-11134201-7rdyr-mdr3i8kojv1g84.webp,0,category,Japan,,,
[Used] [FIG] Kamado Nezuko (Kamado Nezuko) Demon Slayer: Kimetsu no Yaiba VIBRATION STARS ~Kamado Nezuko Collection~ Figure Prize (82828) Banpresto (20210331)✨Only one available!-Direct from Japan✨,https://shopee.sg/-Used-FIG-Kamado-Nezuko-(Kamado-Nezuko)-Demon-Slayer-Kimetsu-no-Yaiba-VIBRATION-STARS-~Kamado-Nezuko-Collection~-Figure-Prize-(82828)-Banpresto-(20210331)%E2%9C%A8Only-one-available!-Direct-from-Japan%E2%9C%A8-i.955746159.43661626485?sp_atk=e07c6f71-ada3-4b9e-b8fe-1ba3e87cb194&xptdk=e07c6f71-ada3-4b9e-b8fe-1ba3e87cb194,53.74,SGD,https://down-sg.img.susercontent.com/file/sg-11134201-7rdyb-md1vq6wwx0vr69.webp,0,category,Japan,,,
Bell House Demon Slayer Tanjiro & Nezuko Nezuko Together Acrylic Figure【Direct from Japan】,https://shopee.sg/Bell-House-Demon-Slayer-Tanjiro-Nezuko-Nezuko-Together-Acrylic-Figure%E3%80%90Direct-from-Japan%E3%80%91-i.1447621698.43614759836?sp_atk=d835a446-ad02-4b7d-a7ef-4eb875cb2dbc&xptdk=d835a446-ad02-4b7d-a7ef-4eb875cb2dbc,31.63,SGD,https://down-sg.img.susercontent.com/file/sg-11134201-7rdvt-mdr3mc6emoe410.webp,0,category,Japan,,,
POP UP PARADE Demon Slayer: Kimetsu no Yaiba Tengen Uzui Non-Scale Plastic Painted Complete Figure,https://shopee.sg/POP-UP-PARADE-Demon-Slayer-Kimetsu-no-Yaiba-Tengen-Uzui-Non-Scale-Plastic-Painted-Complete-Figure-i.1526952093.43610993585?sp_atk=ee4d03a9-93ad-4bcc-ad34-f53624b5db83&xptdk=ee4d03a9-93ad-4bcc-ad34-f53624b5db83,82.41,SGD,https://down-sg.img.susercontent.com/file/sg-11134201-7rdxz-mcu9rgq1l1ied5.webp,0,category,Japan,,,
AdPower 2 pieces Car Static suppression sheet Improve air flow to the engine Easy installation For gasoline/diesel/hybrid vehicles Patented Made in Japan,https://shopee.sg/AdPower-2-pieces-Car-Static-suppression-sheet-Improve-air-flow-to-the-engine-Easy-installation-For-gasoline-diesel-hybrid-vehicles-Patented-Made-in-Japan-i.423790442.9951970980?sp_atk=3bb96eea-4cd3-4b1b-98c2-d7655efa8a1b&xptdk=3bb96eea-4cd3-4b1b-98c2-d7655efa8a1b,63.6,SGD,https://down-sg.img.susercontent.com/file/3d4e91a9864106648d3db1771e14a55f.webp,18,category,Japan,,,
AdPower Car Static suppression sheet Improve air flow to the engine Easy installation For gasoline/diesel/hybrid vehicles Patented Made in Japan,https://shopee.sg/AdPower-Car-Static-suppression-sheet-Improve-air-flow-to-the-engine-Easy-installation-For-gasoline-diesel-hybrid-vehicles-Patented-Made-in-Japan-i.423790442.8251981999?sp_atk=beca8673-3c79-412d-9f24-8508e4856ee2&xptdk=beca8673-3c79-412d-9f24-8508e4856ee2,35.35,SGD,https://down-sg.img.susercontent.com/file/3a2440264170dc35eb488b33ebefbf3c.webp,10,category,Japan,,,
SHARP Plasmacluster Ion Generator (Car-mounted type) Car Sharp IG-NX15 JAPAN 2023 Model,https://shopee.sg/SHARP-Plasmacluster-Ion-Generator-(Car-mounted-type)-Car-Sharp-IG-NX15-JAPAN-2023-Model-i.280502170.29925106468?sp_atk=50a698ad-d263-48f5-87b5-0657c3f7fd2e&xptdk=50a698ad-d263-48f5-87b5-0657c3f7fd2e,108.99,SGD,https://down-sg.img.susercontent.com/file/sg-11134207-7rbl5-m5v0aop1bs9q56.webp,4,category,Japan,,,
"[Direct from Japan] [Set of 6] John's Blend Air Freshener WHITEMUSK Musk Scent Hanging paper, car",https://shopee.sg/-Direct-from-Japan-Set-of-6-John's-Blend-Air-Freshener-WHITEMUSK-Musk-Scent-Hanging-paper-car-i.1302526570.28604996516?sp_atk=fcf73473-bc40-4595-9cd1-4681a9c99358&xptdk=fcf73473-bc40-4595-9cd1-4681a9c99358,26.71,SGD,https://down-sg.img.susercontent.com/file/sg-11134207-7rdyv-lxjr9mpi9wgab9.webp,4,category,Japan,,,
"Coleya Nissan Serena C28 6th generation 2022-present only Air conditioner protection film, 2pcs, made by nano, LCD...",https://shopee.sg/Coleya-Nissan-Serena-C28-6th-generation-2022-present-only-Air-conditioner-protection-film-2pcs-made-by-nano-LCD...-i.990736302.40455278415?sp_atk=d59542b1-8c9a-4491-a042-4b4065ff3a77&xptdk=d59542b1-8c9a-4491-a042-4b4065ff3a77,35.21,SGD,https://down-sg.img.susercontent.com/file/sg-11134275-7rau8-mb7ubd2rjx7t7a.webp,3,category,Japan,,,
SEIKATSU no KI Clip Aroma Diffuser for Car Silver / Black / Gold Direct from Japan,https://shopee.sg/SEIKATSU-no-KI-Clip-Aroma-Diffuser-for-Car-Silver-Black-Gold-Direct-from-Japan-i.1304661491.29520355894?sp_atk=b63668f0-85c0-40bb-85cf-d3c0cf06b0c9&xptdk=b63668f0-85c0-40bb-85cf-d3c0cf06b0c9,27.0,SGD,https://down-sg.img.susercontent.com/file/sg-11134207-7ra3u-m4ofxo0f15yo41.webp,3,category,Japan,,,
TAKATSU Motorcycle Mirror G-Sam Trial Mirror Right Side BK 1729 Single Unit,https://shopee.sg/TAKATSU-Motorcycle-Mirror-G-Sam-Trial-Mirror-Right-Side-BK-1729-Single-Unit-i.1352131904.27425859309?sp_atk=812c8f4f-fe48-4662-bf6c-0daee2d8580a&xptdk=812c8f4f-fe48-4662-bf6c-0daee2d8580a,29.58,SGD,https://down-sg.img.susercontent.com/file/sg-11134201-7rblz-m64blvifb2hk66.webp,3,category,Japan,,,
Arai SZ-RAM4X (RAM4X) EP System Interior III-7mm (59-60) 075788,https://shopee.sg/Arai-SZ-RAM4X-(RAM4X)-EP-System-Interior-III-7mm-(59-60)-075788-i.848121523.27080879854?sp_atk=20857cf8-1182-4860-9c7f-d1ccf6711d9d&xptdk=20857cf8-1182-4860-9c7f-d1ccf6711d9d,83.57,SGD,https://down-sg.img.susercontent.com/file/sg-11134201-7rd3q-m7t01z5jr9z170.webp,3,category,Japan,,,
Tsuchiya Yac Toyota Yaris Yaris Cross Exclusive  Expansion socket Power supply BOX Black SY-YA4,https://shopee.sg/Tsuchiya-Yac-Toyota-Yaris-Yaris-Cross-Exclusive-Expansion-socket-Power-supply-BOX-Black-SY-YA4-i.1241292858.26459641390?sp_atk=abf47211-fd0e-4593-9cf4-f2c7186a0dcb&xptdk=abf47211-fd0e-4593-9cf4-f2c7186a0dcb,30.86,SGD,https://down-sg.img.susercontent.com/file/sg-11134201-7rdy9-lzk50yyzmlnse5.webp,3,category,Japan,,,
[Direct from Japan] Car Mate Honda Fit GR series exclusive [Genuine grade] Multi storage pocket Wallet Smartphone Card Small item storage Console No tools required Installation NZ809 Black,https://shopee.sg/-Direct-from-Japan-Car-Mate-Honda-Fit-GR-series-exclusive-Genuine-grade-Multi-storage-pocket-Wallet-Smartphone-Card-Small-item-storage-Console-No-tools-required-Installation-NZ809-Black-i.1128337125.20887099551?sp_atk=db2854c0-303c-42d0-aa47-55f544a637f0&xptdk=db2854c0-303c-42d0-aa47-55f544a637f0,31.65,SGD,https://down-sg.img.susercontent.com/file/sg-11134207-7rbka-lpohpehuquq95d.webp,3,category,Japan,,,
AdPower Large 3 pieces  Static suppression sheet Improve air flow to the engine Easy installation For Buses/ Trucks Large vehicles Patented Made in Japan,https://shopee.sg/AdPower-Large-3-pieces-Static-suppression-sheet-Improve-air-flow-to-the-engine-Easy-installation-For-Buses-Trucks-Large-vehicles-Patented-Made-in-Japan-i.423790442.8652007283?sp_atk=2268846b-5c1f-4f88-ae06-d2be438202bd&xptdk=2268846b-5c1f-4f88-ae06-d2be438202bd,127.55,SGD,https://down-sg.img.susercontent.com/file/40ed3a0dac65c859fd897061bb055fe4.webp,3,category,Japan,,,
HKS Super Air Filter (Genuine Replacement Type Air Cleaner) Replacement Filter L Size 70017-AK103,https://shopee.sg/HKS-Super-Air-Filter-(Genuine-Replacement-Type-Air-Cleaner)-Replacement-Filter-L-Size-70017-AK103-i.1241570468.29912291589?sp_atk=63b625e0-9d15-4a28-bdd5-2bebee41c615&xptdk=63b625e0-9d15-4a28-bdd5-2bebee41c615,34.87,SGD,https://down-sg.img.susercontent.com/file/sg-11134201-7rdw2-m0kn56325whc62.webp,2,category,Japan,,,
LIMSTYLE Honda N-VAN JJ1 JJ2 Dashboard Tray Car Interior Storage Box 3D Tray Smartphone Holder,https://shopee.sg/LIMSTYLE-Honda-N-VAN-JJ1-JJ2-Dashboard-Tray-Car-Interior-Storage-Box-3D-Tray-Smartphone-Holder-i.1345224911.29581196835?sp_atk=37192ab5-61b7-4106-8bb9-9de0ee69c8fb&xptdk=37192ab5-61b7-4106-8bb9-9de0ee69c8fb,43.53,SGD,https://down-sg.img.susercontent.com/file/sg-11134201-7rd3n-m7w8len9kce843.webp,2,category,Japan,,,
"[authentic product]
Trust Radiator Cap GReddy N Type for Toyota 86 ZN6 and other models 13901003[Direct from Japan]",https://shopee.sg/-authentic-product-Trust-Radiator-Cap-GReddy-N-Type-for-Toyota-86-ZN6-and-other-models-13901003-Direct-from-Japan--i.1367874713.29180170731?sp_atk=4f5d1e07-bae2-46b1-86a8-e61b69bd82a8&xptdk=4f5d1e07-bae2-46b1-86a8-e61b69bd82a8,39.98,SGD,https://down-sg.img.susercontent.com/file/sg-11134201-7rd5t-m7jccdnxc8o3fc.webp,2,category,Japan,,,
Safego Universal Car Horn for Toyota | Lexus Style | 120dB Waterproof Horn Set | Easy Installation with Dual Tone High/Low | Includes Y-Split Harness | Genuine Sound for Vehicle Inspection Compliance,https://shopee.sg/Safego-Universal-Car-Horn-for-Toyota-Lexus-Style-120dB-Waterproof-Horn-Set-Easy-Installation-with-Dual-Tone-High-Low-Includes-Y-Split-Harness-Genuine-Sound-for-Vehicle-Inspection-Compliance-i.1464675926.28986657858?sp_atk=272ee5c1-594c-414b-9353-eb89c145c657&xptdk=272ee5c1-594c-414b-9353-eb89c145c657,42.26,SGD,https://down-sg.img.susercontent.com/file/sg-11134207-7rfga-m9v8iud6rfak57.webp,2,category,Japan,,,
"White Musk Aroma Car Air Freshener for Air Conditioner Vent, John's Blend Clip Aroma Diffuser 18mL OA-JON-20-01",https://shopee.sg/White-Musk-Aroma-Car-Air-Freshener-for-Air-Conditioner-Vent-John's-Blend-Clip-Aroma-Diffuser-18mL-OA-JON-20-01-i.1126258885.28806060867?sp_atk=397a940c-39d0-44d4-b4a3-2be90e001583&xptdk=397a940c-39d0-44d4-b4a3-2be90e001583,39.25,SGD,https://down-sg.img.susercontent.com/file/sg-11134201-7rdxa-ly31znanjl4ob4.webp,2,category,Japan,,,
"LIMSTYLE Toyota Yaris Cross special armrest for Yaris Cross 2020 August~. Console box interior storage box with slide-type drink holder function, tray built-in, large capacity, armrest for long-distance drive, new original version, easy to install interio",https://shopee.sg/LIMSTYLE-Toyota-Yaris-Cross-special-armrest-for-Yaris-Cross-2020-August~.-Console-box-interior-storage-box-with-slide-type-drink-holder-function-tray-built-in-large-capacity-armrest-for-long-distance-drive-new-original-version-easy-to-install-interio-i.1241292858.28161147643?sp_atk=ee37da4b-8fd4-40cb-a790-d26fed510f82&xptdk=ee37da4b-8fd4-40cb-a790-d26fed510f82,126.68,SGD,https://down-sg.img.susercontent.com/file/sg-11134201-7rdy2-m049tadlkhw5f4.webp,2,category,Japan,,,
"PIAA LED Amber for Turn Signals 1100lm 12V T20 with cooling fan / Built-in high-flash prevention function 2 years warranty, Car inspection compliant 1pcs LEW103",https://shopee.sg/PIAA-LED-Amber-for-Turn-Signals-1100lm-12V-T20-with-cooling-fan-Built-in-high-flash-prevention-function-2-years-warranty-Car-inspection-compliant-1pcs-LEW103-i.994573118.26603974064?sp_atk=7156921f-301e-489b-b2ce-79d45fae5e9b&xptdk=7156921f-301e-489b-b2ce-79d45fae5e9b,29.56,SGD,https://down-sg.img.susercontent.com/file/sg-11134201-7rd6g-lx2cyhv49xt21d.webp,2,category,Japan,,,
"Upgraded Console Box for VOXY NOAH 80 Series Hybrid Cars, Exclusive Armrest for VOXY NOAH Esquire, Suitable for 80 Series Hybrid, Center Console Box with LED and USB Port, Convenient Storage, Universal Fit",https://shopee.sg/Upgraded-Console-Box-for-VOXY-NOAH-80-Series-Hybrid-Cars-Exclusive-Armrest-for-VOXY-NOAH-Esquire-Suitable-for-80-Series-Hybrid-Center-Console-Box-with-LED-and-USB-Port-Convenient-Storage-Universal-Fit-i.1241292858.26111152326?sp_atk=35d43a69-4cf3-4c83-a481-7e577e98567e&xptdk=35d43a69-4cf3-4c83-a481-7e577e98567e,251.69,SGD,https://down-sg.img.susercontent.com/file/sg-11134201-7rdy9-m049ssm1ltm652.webp,2,category,Japan,,,
Sharp Plasmacluster Ion Generation Unit IZ-C90M,https://shopee.sg/Sharp-Plasmacluster-Ion-Generation-Unit-IZ-C90M-i.1125958683.25002769305?sp_atk=3355f984-565b-44a2-800b-be43d3c83561&xptdk=3355f984-565b-44a2-800b-be43d3c83561,46.43,SGD,https://down-sg.img.susercontent.com/file/sg-11134207-7rd3n-lw2mheyvj43u5a.webp,2,category,Japan,,,
"LINFEN Guard Band Car Cover Windproof Rope and Belt, Adjustable Rubber Strap for Vehicle Covers",https://shopee.sg/LINFEN-Guard-Band-Car-Cover-Windproof-Rope-and-Belt-Adjustable-Rubber-Strap-for-Vehicle-Covers-i.1345224911.29081234149?sp_atk=3f0603b8-92fe-43ec-8c08-72b422c73d38&xptdk=3f0603b8-92fe-43ec-8c08-72b422c73d38,32.58,SGD,https://down-sg.img.susercontent.com/file/sg-11134201-7rd5o-m7x2k87di3e14b.webp,2,category,Japan,,,
SHARP Plasmacluster Ion Generator (Car-mounted type) Car Sharp IG-MX15 JAPAN,https://shopee.sg/SHARP-Plasmacluster-Ion-Generator-(Car-mounted-type)-Car-Sharp-IG-MX15-JAPAN-i.280502170.18116287641?sp_atk=6833205e-c34e-4104-bfc4-6ea39852e3a2&xptdk=6833205e-c34e-4104-bfc4-6ea39852e3a2,114.45,SGD,https://down-sg.img.susercontent.com/file/sg-11134207-7rbn9-lmwri60j8ore98.webp,1,category,Japan,,,
Daytona Helmet Deodorizer/Dryer for Motorcycle Plasma Ion 3-Stage Airflow with Timer RE:MET Black 19264,https://shopee.sg/Daytona-Helmet-Deodorizer-Dryer-for-Motorcycle-Plasma-Ion-3-Stage-Airflow-with-Timer-RE-MET-Black-19264-i.1241608138.29813471262?sp_atk=672cba1d-41a4-45c8-98ea-d7ff59d2cce0&xptdk=672cba1d-41a4-45c8-98ea-d7ff59d2cce0,160.54,SGD,https://down-sg.img.susercontent.com/file/sg-11134207-7rdye-m16pkyaon06648.webp,1,category,Japan,,,
Auovo Toyota New Model Sienta 3rd Generation 10 Series Dedicated Storage Box Storage Pocket Console Box SIENTA MXP1 MXPC10G August 2022 - Current Storage Tray Small Items Holder Interior Parts Non-Slip Storage Accessory Shift Side Pocket,https://shopee.sg/Auovo-Toyota-New-Model-Sienta-3rd-Generation-10-Series-Dedicated-Storage-Box-Storage-Pocket-Console-Box-SIENTA-MXP1-MXPC10G-August-2022-Current-Storage-Tray-Small-Items-Holder-Interior-Parts-Non-Slip-Storage-Accessory-Shift-Side-Pocket-i.1241292858.28528420090?sp_atk=fc1e2872-c49f-4849-87d0-472a24f02feb&xptdk=fc1e2872-c49f-4849-87d0-472a24f02feb,28.56,SGD,https://down-sg.img.susercontent.com/file/sg-11134201-7rd60-m6z0ek8wux02cf.webp,1,category,Japan,,,
"Emrit Filter D-010_SIENTA Air Conditioner Filter for Toyota Sienta NCP175, NSP17# NHP170",https://shopee.sg/Emrit-Filter-D-010_SIENTA-Air-Conditioner-Filter-for-Toyota-Sienta-NCP175-NSP17-NHP170-i.1241292858.26822469868?sp_atk=34d467ac-4bf8-4582-bcb9-33c9b5d6b3a0&xptdk=34d467ac-4bf8-4582-bcb9-33c9b5d6b3a0,37.74,SGD,https://down-sg.img.susercontent.com/file/sg-11134201-7ra2f-m4ju8t0nowvk6a.webp,1,category,Japan,,,
"LINFEN Flame-Resistant Bonnet Cover - Front Protection Cover for Vehicles, Headlight Protection",https://shopee.sg/LINFEN-Flame-Resistant-Bonnet-Cover-Front-Protection-Cover-for-Vehicles-Headlight-Protection-i.1345224911.26681243054?sp_atk=7078235b-2b49-461f-b8c9-dd112354f10a&xptdk=7078235b-2b49-461f-b8c9-dd112354f10a,40.08,SGD,https://down-sg.img.susercontent.com/file/sg-11134201-7rd41-m7x4t8zb6x07dc.webp,1,category,Japan,,,
KOMINE 2025 model motorcycle 04-869 SK-869 Enigma G2 chest protector Black Free,https://shopee.sg/KOMINE-2025-model-motorcycle-04-869-SK-869-Enigma-G2-chest-protector-Black-Free-i.1241474029.43958889159?sp_atk=3d50eeb9-6bbb-4fda-9096-1d56efc3ea2d&xptdk=3d50eeb9-6bbb-4fda-9096-1d56efc3ea2d,47.42,SGD,https://down-sg.img.susercontent.com/file/sg-11134201-7rdx9-mcb62l0wnzap38.webp,1,category,Japan,,,
"East field Smartphone Holder for HiAce 200 Series, Assist Grip Mount, Adjustable Angle, Easy Installation, Durable, Drop Prevention",https://shopee.sg/East-field-Smartphone-Holder-for-HiAce-200-Series-Assist-Grip-Mount-Adjustable-Angle-Easy-Installation-Durable-Drop-Prevention-i.1509661073.43655753313?sp_atk=de6db21e-ec9d-4276-8b77-88089c11c4c2&xptdk=de6db21e-ec9d-4276-8b77-88089c11c4c2,62.65,SGD,https://down-sg.img.susercontent.com/file/sg-11134201-7ra2e-mbd9h0xa7hhs9c.webp,1,category,Japan,,,
"[Direct from Japan]
Leather Key Case for Toyota VOXY 80 Series, NOAH 80 Series, Esquire, and Sienta 170 Series (4-Button Smart Key Cover) - Available in Various Colors",https://shopee.sg/-Direct-from-Japan-Leather-Key-Case-for-Toyota-VOXY-80-Series-NOAH-80-Series-Esquire-and-Sienta-170-Series-(4-Button-Smart-Key-Cover)-Available-in-Various-Colors-i.1355588211.43451138854?sp_atk=fbce675c-68c4-491e-a2e6-0b87bb794f98&xptdk=fbce675c-68c4-491e-a2e6-0b87bb794f98,38.5,SGD,https://down-sg.img.susercontent.com/file/sg-11134201-7reqo-m8y8mjhqe7j6d7.webp,1,category,Japan,,,
HKS Official Goods Emblem Silver 51003-AK125,https://shopee.sg/HKS-Official-Goods-Emblem-Silver-51003-AK125-i.1510313278.43157547122?sp_atk=564de7df-6fcd-4134-8114-300e17d5ecad&xptdk=564de7df-6fcd-4134-8114-300e17d5ecad,33.05,SGD,https://down-sg.img.susercontent.com/file/sg-11134201-7rdwb-mbuznh6e96sna1.webp,1,category,Japan,,,
【Starter Set 4pcs】AdPower Sonic for Car Audio / Sound quality improvement sheets / 4-Pieces Tuning Set for Car Audio / Front Door Speakers & Tweeters / Static electricity removal / Supervised by recording engineers,https://shopee.sg/%E3%80%90Starter-Set-4pcs%E3%80%91AdPower-Sonic-for-Car-Audio-Sound-quality-improvement-sheets-4-Pieces-Tuning-Set-for-Car-Audio-Front-Door-Speakers-Tweeters-Static-electricity-removal-Supervised-by-recording-engineers-i.423790442.43111755955?sp_atk=d2b9ff09-4cfd-40b5-b349-61f28d53e758&xptdk=d2b9ff09-4cfd-40b5-b349-61f28d53e758,55.43,SGD,https://down-sg.img.susercontent.com/file/sg-11134207-7rdvy-md35bavmkzf2a3.webp,1,category,Japan,,,
"[authentic product]
Kaedear Motorcycle USB Power Supply 2WAY 12V Battery Charger Waterproof USB Charging for Motorcycles Output Type C (100W) + Type A (22.5W) 12-14.8V Pba LFP Smart Battery & USB Charger KDR-B13[Direct from Japan]",https://shopee.sg/-authentic-product-Kaedear-Motorcycle-USB-Power-Supply-2WAY-12V-Battery-Charger-Waterproof-USB-Charging-for-Motorcycles-Output-Type-C-(100W)-Type-A-(22.5W)-12-14.8V-Pba-LFP-Smart-Battery-USB-Charger-KDR-B13-Direct-from-Japan--i.965860373.42600949829?sp_atk=6a8e3c7b-cfa5-483b-9ecd-61a09556bc76&xptdk=6a8e3c7b-cfa5-483b-9ecd-61a09556bc76,131.14,SGD,https://down-sg.img.susercontent.com/file/sg-11134201-7rfhq-m9sbc13ma33g2b.webp,1,category,Japan,,,
MOONEYES Air Valve Cap Equipped - Set of 2 (AC-AA111MQ-MON),https://shopee.sg/MOONEYES-Air-Valve-Cap-Equipped-Set-of-2-(AC-AA111MQ-MON)-i.1241708882.42507845154?sp_atk=4c3507b1-9154-4420-9c8a-79c1f57942c7&xptdk=4c3507b1-9154-4420-9c8a-79c1f57942c7,28.36,SGD,https://down-sg.img.susercontent.com/file/sg-11134201-7rdwt-mbyti4qnh1dlf4.webp,1,category,Japan,,,
SEIWA Car Interior Accessories Frame-less Room Mirror Blue 250mm Flat Mirror R110,https://shopee.sg/SEIWA-Car-Interior-Accessories-Frame-less-Room-Mirror-Blue-250mm-Flat-Mirror-R110-i.1521789915.41960846117?sp_atk=669290e0-8f15-4a0c-a8ac-469122682480&xptdk=669290e0-8f15-4a0c-a8ac-469122682480,46.37,SGD,https://down-sg.img.susercontent.com/file/sg-11134201-7rdvn-mcspitt6ve0nfe.webp,1,category,Japan,,,
"【Direct from JAPAN・Free Shipping】Dashcam, palm-sized, front and rear dual camera recording, MF-BDVR004",https://shopee.sg/%E3%80%90Direct-from-JAPAN%E3%83%BBFree-Shipping%E3%80%91Dashcam-palm-sized-front-and-rear-dual-camera-recording-MF-BDVR004-i.1562527136.41759119992?sp_atk=59f5d6f6-42ec-40c6-9f72-c010e695c0e8&xptdk=59f5d6f6-42ec-40c6-9f72-c010e695c0e8,258.42,SGD,https://down-sg.img.susercontent.com/file/sg-11134201-7rdy4-mcdj7vk822cba6.webp,1,category,Japan,,,
BLITZ SUS POWER AIR FILTER LM SH-706B 59638[Direct from Japan],https://shopee.sg/BLITZ-SUS-POWER-AIR-FILTER-LM-SH-706B-59638-Direct-from-Japan--i.1367874713.41412294375?sp_atk=9b3c7192-29ba-4209-be3e-aa8ad4a53bf8&xptdk=9b3c7192-29ba-4209-be3e-aa8ad4a53bf8,93.48,SGD,https://down-sg.img.susercontent.com/file/sg-11134201-7rdyd-mdabuu5uc2fobf.webp,1,category,Japan,,,
"Daytona Helmet Deodorizer/Dryer For motorcycles<Plasma Ion Technology> - Adjustable Airflow & Timer, Compatible/gift/【Direct from JAPAN】",https://shopee.sg/Daytona-Helmet-Deodorizer-Dryer-For-motorcycles-Plasma-Ion-Technology-Adjustable-Airflow-Timer-Compatible-gift-%E3%80%90Direct-from-JAPAN%E3%80%91-i.1459905448.41253447353?sp_atk=a0a1ff80-3d8d-4d8d-b8af-30521fc42271&xptdk=a0a1ff80-3d8d-4d8d-b8af-30521fc42271,181.21,SGD,https://down-sg.img.susercontent.com/file/sg-11134207-7rdw2-mdpftftyqhxm47.webp,1,category,Japan,,,
KITACO Bar End Caps Stainless Steel Polished Finish for PCX125/PCX150 Variations,https://shopee.sg/KITACO-Bar-End-Caps-Stainless-Steel-Polished-Finish-for-PCX125-PCX150-Variations-i.1338116193.41150337844?sp_atk=6285a6fc-b658-493a-8395-0917cfd796af&xptdk=6285a6fc-b658-493a-8395-0917cfd796af,64.08,SGD,https://down-sg.img.susercontent.com/file/sg-11134201-7rfgx-m9k6mmb4dhnt37.webp,1,category,Japan,,,
CarMate Car Rearview Mirror 3000SR Blue Edge 300mm DZ448,https://shopee.sg/CarMate-Car-Rearview-Mirror-3000SR-Blue-Edge-300mm-DZ448-i.1360967652.40750344004?sp_atk=9a2a12ee-934a-4e76-83a3-dabf945eca1a&xptdk=9a2a12ee-934a-4e76-83a3-dabf945eca1a,50.21,SGD,https://down-sg.img.susercontent.com/file/sg-11134201-7rfg8-m9k8jezu1l5l03.webp,1,category,Japan,,,
CarMate Rearview Mirror Edge 270mm Blue DZ446,https://shopee.sg/CarMate-Rearview-Mirror-Edge-270mm-Blue-DZ446-i.1360967652.40750343821?sp_atk=ea2c3807-c305-4700-8ece-b206637a66cc&xptdk=ea2c3807-c305-4700-8ece-b206637a66cc,56.64,SGD,https://down-sg.img.susercontent.com/file/sg-11134201-7rfgk-m9k8jdk8540y29.webp,1,category,Japan,,,
"Mozan / Center Console Divider, Console Tray / Honda New Stepwgn Compatible / RP6 RP7 RP8. Air Spada. Divider. Partition. Console Box. Small Item Storage. ABS Material. Non-Slip. Black [Direct from Japan]",https://shopee.sg/Mozan-Center-Console-Divider-Console-Tray-Honda-New-Stepwgn-Compatible-RP6-RP7-RP8.-Air-Spada.-Divider.-Partition.-Console-Box.-Small-Item-Storage.-ABS-Material.-Non-Slip.-Black-Direct-from-Japan--i.1370975157.40203792078?sp_atk=7b9f9468-15ae-431f-a670-92ef11025b95&xptdk=7b9f9468-15ae-431f-a670-92ef11025b95,84.03,SGD,https://down-sg.img.susercontent.com/file/sg-11134201-7rasg-masegzx4cvgw9f.webp,1,category,Japan,,,
(From Japan)[VAS-Z Pro Shade Long Sun Visor Mirror Type (Smoked/Red) 031030,https://shopee.sg/(From-Japan)-VAS-Z-Pro-Shade-Long-Sun-Visor-Mirror-Type-(Smoked-Red)-031030-i.1212981390.40001294122?sp_atk=889e2f88-83da-4240-9e4c-306639788c7d&xptdk=889e2f88-83da-4240-9e4c-306639788c7d,112.97,SGD,https://down-sg.img.susercontent.com/file/sg-11134201-7rfgf-m9vz3sxmkg4194.webp,1,category,Japan,,,
KOMINE motorcycle CE Level 2 Side Protector 1 pair SK-813 1150 CE Standard Level 2,https://shopee.sg/KOMINE-motorcycle-CE-Level-2-Side-Protector-1-pair-SK-813-1150-CE-Standard-Level-2-i.1241474029.29960127024?sp_atk=42b3677b-d390-4367-8518-d1e786b8799d&xptdk=42b3677b-d390-4367-8518-d1e786b8799d,29.31,SGD,https://down-sg.img.susercontent.com/file/sg-11134201-7rdvl-lzr2ohgko1m021.webp,1,category,Japan,,,
"L'Echo Universal for Toyota Vehicles: Compatible with Voxy 90 Series, Noah 90 Series, Prius 60 Series, Yaris, Yaris Cross, Aqua MXPK10 Series, and Sienta 10 Series. Features door lock, OBD, auto door lock, and speed-sensing lock, only compatible with appl",https://shopee.sg/L'Echo-Universal-for-Toyota-Vehicles-Compatible-with-Voxy-90-Series-Noah-90-Series-Prius-60-Series-Yaris-Yaris-Cross-Aqua-MXPK10-Series-and-Sienta-10-Series.-Features-door-lock-OBD-auto-door-lock-and-speed-sensing-lock-only-compatible-with-appl-i.1241292858.29922342524?sp_atk=f61db3c1-3d8d-4b3b-8567-de112aa5ab55&xptdk=f61db3c1-3d8d-4b3b-8567-de112aa5ab55,57.7,SGD,https://down-sg.img.susercontent.com/file/sg-11134201-7ra0t-m4hthakbwv2qc4.webp,1,category,Japan,,,
PIAA Wiper Blade 650mm Aerovogue Ultra Powerful Silicoat Special Silicone Rubber 1 Piece Stock Number 82 WAVS65,https://shopee.sg/PIAA-Wiper-Blade-650mm-Aerovogue-Ultra-Powerful-Silicoat-Special-Silicone-Rubber-1-Piece-Stock-Number-82-WAVS65-i.1521789915.29886652864?sp_atk=38510c0a-e8bd-42de-979e-b50cbfe264fa&xptdk=38510c0a-e8bd-42de-979e-b50cbfe264fa,53.1,SGD,https://down-sg.img.susercontent.com/file/sg-11134201-7rfi5-m9ueuyfgt4lt5d.webp,1,category,Japan,,,
Beatsonic Honda N-VAN Smartphone Stand Custom Fit Car Mount for iPhone and Mobile Devices,https://shopee.sg/Beatsonic-Honda-N-VAN-Smartphone-Stand-Custom-Fit-Car-Mount-for-iPhone-and-Mobile-Devices-i.1509661073.29837914292?sp_atk=01f8ab11-efeb-4474-9306-5f3ba4a81d9d&xptdk=01f8ab11-efeb-4474-9306-5f3ba4a81d9d,79.97,SGD,https://down-sg.img.susercontent.com/file/sg-11134201-7ra3a-mbd8pz2j63qade.webp,1,category,Japan,,,
"Leather Steering Wheel Cover for Compact and Standard Cars Universal Fit Breathable, Anti-Slip",https://shopee.sg/Leather-Steering-Wheel-Cover-for-Compact-and-Standard-Cars-Universal-Fit-Breathable-Anti-Slip-i.1345224911.29831249978?sp_atk=a8fea5d2-2dea-4342-9f92-8137c5932637&xptdk=a8fea5d2-2dea-4342-9f92-8137c5932637,38.02,SGD,https://down-sg.img.susercontent.com/file/sg-11134201-7rd6q-m7xc3zfpukk1cf.webp,1,category,Japan,,,
SHOEI Shield CNS-1 PINLOCK Mellow Smoke Compatible Helmet  GT-AIR/NEOTEC,https://shopee.sg/SHOEI-Shield-CNS-1-PINLOCK-Mellow-Smoke-Compatible-Helmet-GT-AIR-NEOTEC-i.1367286278.29723291071?sp_atk=38a86a04-0903-4d70-8b11-39bb357dd358&xptdk=38a86a04-0903-4d70-8b11-39bb357dd358,141.7,SGD,https://down-sg.img.susercontent.com/file/sg-11134201-7ra2y-m4wkfgcyjysed0.webp,1,category,Japan,,,
"ZATOOTO Truck Curtains - Side Curtains for Large and Medium Trucks, Sleep-Friendly, Light-Blocking",https://shopee.sg/ZATOOTO-Truck-Curtains-Side-Curtains-for-Large-and-Medium-Trucks-Sleep-Friendly-Light-Blocking-i.1345224911.29631188446?sp_atk=851f1348-d315-44b2-8196-a81a3ea555c0&xptdk=851f1348-d315-44b2-8196-a81a3ea555c0,57.88,SGD,https://down-sg.img.susercontent.com/file/sg-11134201-7rd6k-m7w9h1kgxi957a.webp,1,category,Japan,,,
Arai TX Holder Japan Bike Accessories,https://shopee.sg/Arai-TX-Holder-Japan-Bike-Accessories-i.882041290.29583202820?sp_atk=53cf9569-76d3-40ca-a3fb-034493fa0bd1&xptdk=53cf9569-76d3-40ca-a3fb-034493fa0bd1,35.98,SGD,https://down-sg.img.susercontent.com/file/sg-11134207-7rent-m8imgzgw0nqu4e.webp,1,category,Japan,,,
Toyota Sienta 10th generation console box tray armrest box built-in storage box interior parts accessory interior easy installation with noise prevention and non-slip design for small items and coin cases.,https://shopee.sg/Toyota-Sienta-10th-generation-console-box-tray-armrest-box-built-in-storage-box-interior-parts-accessory-interior-easy-installation-with-noise-prevention-and-non-slip-design-for-small-items-and-coin-cases.-i.1241292858.29511152332?sp_atk=a7352b0b-d520-4d4c-998f-af829f6b86ae&xptdk=a7352b0b-d520-4d4c-998f-af829f6b86ae,54.14,SGD,https://down-sg.img.susercontent.com/file/sg-11134201-7rdxb-m049ua8d6fui7b.webp,1,category,Japan,,,
Car Headrest Neck Pillow U-Shaped Memory Foam Kids and Adults Sleep Support Junior Seat Compatible,https://shopee.sg/Car-Headrest-Neck-Pillow-U-Shaped-Memory-Foam-Kids-and-Adults-Sleep-Support-Junior-Seat-Compatible-i.1345224911.29428244346?sp_atk=41ac2b40-0713-4ffd-a9cc-6b9b78b28040&xptdk=41ac2b40-0713-4ffd-a9cc-6b9b78b28040,60.19,SGD,https://down-sg.img.susercontent.com/file/sg-11134201-7rd6i-m6xh15rwjql0bf.webp,1,category,Japan,,,
LED Half Red Clear Tail Lamp for Toyota Hiace Regius Ace 200 Series 1st to 7th Generation by TRISTAR'S,https://shopee.sg/LED-Half-Red-Clear-Tail-Lamp-for-Toyota-Hiace-Regius-Ace-200-Series-1st-to-7th-Generation-by-TRISTAR'S-i.1241292858.29221330737?sp_atk=48120973-9300-49ab-bee3-427b12e0aee5&xptdk=48120973-9300-49ab-bee3-427b12e0aee5,227.33,SGD,https://down-sg.img.susercontent.com/file/sg-11134201-7rffv-m41vqkqad4s4a3.webp,1,category,Japan,,,
[authentic product]CARMATE Jimny Series Accessories Collection[Direct from Japan],https://shopee.sg/-authentic-product-CARMATE-Jimny-Series-Accessories-Collection-Direct-from-Japan--i.965860373.29117978184?sp_atk=b8ffe60e-0b43-4ce8-9a14-ff63a3f98902&xptdk=b8ffe60e-0b43-4ce8-9a14-ff63a3f98902,48.49,SGD,https://down-sg.img.susercontent.com/file/sg-11134201-7reok-m2qu9zvyd3s798.webp,1,category,Japan,,,
MOONEYES Eyeball License Bolt [ AA113MN ] [Direct from Japan],https://shopee.sg/MOONEYES-Eyeball-License-Bolt-AA113MN-Direct-from-Japan--i.1367874713.28922965604?sp_atk=b5e12c72-782f-4568-aee1-985085fb4afb&xptdk=b5e12c72-782f-4568-aee1-985085fb4afb,39.67,SGD,https://down-sg.img.susercontent.com/file/sg-11134207-7ra3w-m4r91n1fa7mjfd.webp,1,category,Japan,,,
"【Direct from JAPAN】 IPF LED Fog Lamps for Vehicles L1B with High Brightness 5000lm and 2600K/6500K Color Options, 12V, Set of 2",https://shopee.sg/%E3%80%90Direct-from-JAPAN%E3%80%91-IPF-LED-Fog-Lamps-for-Vehicles-L1B-with-High-Brightness-5000lm-and-2600K-6500K-Color-Options-12V-Set-of-2-i.1469526821.28889766301?sp_atk=717a3096-ddc3-4838-8c2c-ae70da39fb2b&xptdk=717a3096-ddc3-4838-8c2c-ae70da39fb2b,155.06,SGD,https://down-sg.img.susercontent.com/file/sg-11134207-7rdy9-mdcpket39f0c49.webp,1,category,Japan,,,
Daytona PROGRIP Motorcycle Grip Handle Diameter φ22.2 125mm Standard Rubber Non-Through End Type 714 Black 21548,https://shopee.sg/Daytona-PROGRIP-Motorcycle-Grip-Handle-Diameter-%CF%8622.2-125mm-Standard-Rubber-Non-Through-End-Type-714-Black-21548-i.1352131904.28883890020?sp_atk=54da109f-6fea-4fb1-af24-57b121a9e282&xptdk=54da109f-6fea-4fb1-af24-57b121a9e282,31.27,SGD,https://down-sg.img.susercontent.com/file/sg-11134201-7rep6-m8pbx789vnc7e3.webp,1,category,Japan,,,
"LED Interior Light Set for 200 Series Hiace Super GL Passenger Version - Easy Installation, 6000K Bright White, No Modifications Required",https://shopee.sg/LED-Interior-Light-Set-for-200-Series-Hiace-Super-GL-Passenger-Version-Easy-Installation-6000K-Bright-White-No-Modifications-Required-i.1241292858.28774121885?sp_atk=20831f2b-2f9e-44f4-9cee-b562eb46b87f&xptdk=20831f2b-2f9e-44f4-9cee-b562eb46b87f,85.86,SGD,https://down-sg.img.susercontent.com/file/sg-11134201-7ra2t-m59lxgqcx30g95.webp,1,category,Japan,,,
"SEIWA Magnetic Rear Defogger Cover for Suzuki Jimny & Sierra (JB64/JB74) - Custom Design, 2-Piece Set, Cable Protection, Heating Wire Cover",https://shopee.sg/SEIWA-Magnetic-Rear-Defogger-Cover-for-Suzuki-Jimny-Sierra-(JB64-JB74)-Custom-Design-2-Piece-Set-Cable-Protection-Heating-Wire-Cover-i.1133882383.28773438005?sp_atk=b41273c4-c63c-4735-9e6b-cb568849235b&xptdk=b41273c4-c63c-4735-9e6b-cb568849235b,35.31,SGD,https://down-sg.img.susercontent.com/file/sg-11134201-7ra3c-m4zgo0ud2ax656.webp,1,category,Japan,,,
Tsuchiya Yac Car-Specific Product Toyota 80 series Harrier Dedicated Air Conditioner Drink Holder Passenger Side Black/Silver SY-HR12,https://shopee.sg/Tsuchiya-Yac-Car-Specific-Product-Toyota-80-series-Harrier-Dedicated-Air-Conditioner-Drink-Holder-Passenger-Side-Black-Silver-SY-HR12-i.994573118.28715788785?sp_atk=8aff54b8-392d-412b-bc34-08a0dd43ea86&xptdk=8aff54b8-392d-412b-bc34-08a0dd43ea86,26.51,SGD,https://down-sg.img.susercontent.com/file/sg-11134201-7reqp-m1wwez0zd2fy10.webp,1,category,Japan,,,
